round,max_dp_steps,global_epsilon,best_alpha,test_acc
1,203,1.2735955319150036,8.6,10.02
2,203,1.4150930624498423,8.3,15.66
3,203,1.539360434112388,8.2,18.36
4,203,1.6550320586115963,8.0,18.7
5,203,1.7644829069856114,7.9,19.54
6,203,1.869732676010803,7.8,19.49
7,203,1.9715063064783593,7.7,21.58
8,203,2.070287611590976,7.6,24.39
9,203,2.1664086689474664,7.5,23.68
10,203,2.2601061383530756,7.4,25.49
11,203,2.3515568819947292,7.3,27.28
12,203,2.440900584051743,7.2,22.71
13,203,2.528254178213834,7.1,24.24
14,203,2.6137211002599003,7.0,27.72
15,203,2.6973972669740043,6.9,26.18
