round,max_dp_steps,global_epsilon,best_alpha,train_loss,test_acc
1,203,8.304017826844428,2.5,1.4662135455231189,17.37
2,203,9.766898421789037,2.4,1.4672698784005174,22.02
3,203,10.869788547586078,2.3,1.4639592695515105,25.67
4,203,11.822677406483853,2.2,1.4589621837527882,29.8
5,203,12.69561652053782,2.2,1.4513467849974266,30.74
6,203,13.479101887579292,2.1,1.4374315026713154,32.41
7,203,14.201422165990492,2.1,1.4568251425854442,32.6
8,203,14.923742444401693,2.1,1.4631831431948576,36.18
9,203,15.589377303961188,2.0,1.4322163147794669,34.7
10,203,16.196349103973507,2.0,1.4313648283667118,35.96
11,203,16.803320903985824,2.0,1.4373756061993048,34.43
12,203,17.410292703998138,2.0,1.4606218556199826,36.33
13,203,18.017264504010456,2.0,1.4434351185705638,34.85
14,203,18.5614178524586,1.9,1.4435879393173188,35.73
15,203,19.077822411987338,1.9,1.4479012424694435,36.49
